name,vec,n,ARI,AMI,Homogeneity,completeness,v_measure,model
KMeans_16,w2v,16,0.3523026800780684,0.4432172566480806,0.5461602396817437,0.465073482053224,0.5023658506799352,"KMeans(algorithm='auto', copy_x=True, init='k-means++', max_iter=300,
    n_clusters=16, n_init=10, n_jobs=-1, precompute_distances='auto',
    random_state=None, tol=0.0001, verbose=0)"
KMeans_16,tfidf,16,0.4858762349678257,0.6696314065132882,0.7144771198097196,0.6827835036306414,0.698270863636675,"KMeans(algorithm='auto', copy_x=True, init='k-means++', max_iter=300,
    n_clusters=16, n_init=10, n_jobs=-1, precompute_distances='auto',
    random_state=None, tol=0.0001, verbose=0)"
KMeans_16,elmo,16,0.12329564633016972,0.20768273203538407,0.28393103254523033,0.2382457477707575,0.2590898857016471,"KMeans(algorithm='auto', copy_x=True, init='k-means++', max_iter=300,
    n_clusters=16, n_init=10, n_jobs=-1, precompute_distances='auto',
    random_state=None, tol=0.0001, verbose=0)"
KMeans_16,fasttext,16,0.3431437631520155,0.4002911843425954,0.4863376803215511,0.424161529228363,0.4531266629183275,"KMeans(algorithm='auto', copy_x=True, init='k-means++', max_iter=300,
    n_clusters=16, n_init=10, n_jobs=-1, precompute_distances='auto',
    random_state=None, tol=0.0001, verbose=0)"
KMeans_17,w2v,17,0.3870410586197212,0.4763718224382516,0.6011954847436625,0.4978483500349537,0.5446628617654479,"KMeans(algorithm='auto', copy_x=True, init='k-means++', max_iter=300,
    n_clusters=17, n_init=10, n_jobs=-1, precompute_distances='auto',
    random_state=None, tol=0.0001, verbose=0)"
KMeans_17,tfidf,17,0.4696266211315515,0.6209007952844771,0.7150606319384331,0.6356809838715441,0.6730383379294319,"KMeans(algorithm='auto', copy_x=True, init='k-means++', max_iter=300,
    n_clusters=17, n_init=10, n_jobs=-1, precompute_distances='auto',
    random_state=None, tol=0.0001, verbose=0)"
KMeans_17,elmo,17,0.13109487386020904,0.2239625367537332,0.3084715037583125,0.25535953914811826,0.2794139912339732,"KMeans(algorithm='auto', copy_x=True, init='k-means++', max_iter=300,
    n_clusters=17, n_init=10, n_jobs=-1, precompute_distances='auto',
    random_state=None, tol=0.0001, verbose=0)"
KMeans_17,fasttext,17,0.32346656789813377,0.3927406223070693,0.4917881686328533,0.4177886368260199,0.451778249724893,"KMeans(algorithm='auto', copy_x=True, init='k-means++', max_iter=300,
    n_clusters=17, n_init=10, n_jobs=-1, precompute_distances='auto',
    random_state=None, tol=0.0001, verbose=0)"
KMeans_18,w2v,18,0.3840482421422895,0.4648312204030146,0.5944871576230593,0.4877081819567134,0.5358297901255822,"KMeans(algorithm='auto', copy_x=True, init='k-means++', max_iter=300,
    n_clusters=18, n_init=10, n_jobs=-1, precompute_distances='auto',
    random_state=None, tol=0.0001, verbose=0)"
KMeans_18,tfidf,18,0.4693203208947021,0.6401267519749163,0.7639965729753431,0.6551162257534887,0.7053795185619276,"KMeans(algorithm='auto', copy_x=True, init='k-means++', max_iter=300,
    n_clusters=18, n_init=10, n_jobs=-1, precompute_distances='auto',
    random_state=None, tol=0.0001, verbose=0)"
KMeans_18,elmo,18,0.1289830661964974,0.20657036205466306,0.2988458298242876,0.23974205120726394,0.26605096312077803,"KMeans(algorithm='auto', copy_x=True, init='k-means++', max_iter=300,
    n_clusters=18, n_init=10, n_jobs=-1, precompute_distances='auto',
    random_state=None, tol=0.0001, verbose=0)"
KMeans_18,fasttext,18,0.3502273408393209,0.4260919082005736,0.5374181936172018,0.4508718758389901,0.4903555272988202,"KMeans(algorithm='auto', copy_x=True, init='k-means++', max_iter=300,
    n_clusters=18, n_init=10, n_jobs=-1, precompute_distances='auto',
    random_state=None, tol=0.0001, verbose=0)"
KMeans_19,w2v,19,0.37892915865313104,0.4591467585515254,0.6001070358606104,0.4830814591132418,0.5352726397166252,"KMeans(algorithm='auto', copy_x=True, init='k-means++', max_iter=300,
    n_clusters=19, n_init=10, n_jobs=-1, precompute_distances='auto',
    random_state=None, tol=0.0001, verbose=0)"
KMeans_19,tfidf,19,0.431709037244205,0.6060274747278075,0.7618775949320892,0.6232271261269661,0.6856128301793669,"KMeans(algorithm='auto', copy_x=True, init='k-means++', max_iter=300,
    n_clusters=19, n_init=10, n_jobs=-1, precompute_distances='auto',
    random_state=None, tol=0.0001, verbose=0)"
KMeans_19,elmo,19,0.13561243582663113,0.21607746867622893,0.3175783561435801,0.25009439179988124,0.2798251849019365,"KMeans(algorithm='auto', copy_x=True, init='k-means++', max_iter=300,
    n_clusters=19, n_init=10, n_jobs=-1, precompute_distances='auto',
    random_state=None, tol=0.0001, verbose=0)"
KMeans_19,fasttext,19,0.2850988112735324,0.3960626218442478,0.5196900547278802,0.42289251636907854,0.4663210242049987,"KMeans(algorithm='auto', copy_x=True, init='k-means++', max_iter=300,
    n_clusters=19, n_init=10, n_jobs=-1, precompute_distances='auto',
    random_state=None, tol=0.0001, verbose=0)"
KMeans_20,w2v,20,0.3811788724481616,0.4552755767636567,0.6094649144309542,0.4802475149921856,0.5371949566278399,"KMeans(algorithm='auto', copy_x=True, init='k-means++', max_iter=300,
    n_clusters=20, n_init=10, n_jobs=-1, precompute_distances='auto',
    random_state=None, tol=0.0001, verbose=0)"
KMeans_20,tfidf,20,0.5024980623338682,0.6373659799120169,0.7806244802923246,0.6537409342145949,0.7115706665201736,"KMeans(algorithm='auto', copy_x=True, init='k-means++', max_iter=300,
    n_clusters=20, n_init=10, n_jobs=-1, precompute_distances='auto',
    random_state=None, tol=0.0001, verbose=0)"
KMeans_20,elmo,20,0.12677295594051174,0.21876081562464653,0.32815238550833603,0.25389662171485045,0.2862878591124818,"KMeans(algorithm='auto', copy_x=True, init='k-means++', max_iter=300,
    n_clusters=20, n_init=10, n_jobs=-1, precompute_distances='auto',
    random_state=None, tol=0.0001, verbose=0)"
KMeans_20,fasttext,20,0.29199085159050364,0.4128294347519467,0.5528370551492809,0.4397083888211932,0.4898256140855848,"KMeans(algorithm='auto', copy_x=True, init='k-means++', max_iter=300,
    n_clusters=20, n_init=10, n_jobs=-1, precompute_distances='auto',
    random_state=None, tol=0.0001, verbose=0)"
KMeans_21,w2v,21,0.31244061850259225,0.44704168284145984,0.6169928973203592,0.4729205660158462,0.5354344909830573,"KMeans(algorithm='auto', copy_x=True, init='k-means++', max_iter=300,
    n_clusters=21, n_init=10, n_jobs=-1, precompute_distances='auto',
    random_state=None, tol=0.0001, verbose=0)"
KMeans_21,tfidf,21,0.4224437369466917,0.6054909517088031,0.7640232089401252,0.6238459348901875,0.6868554938019844,"KMeans(algorithm='auto', copy_x=True, init='k-means++', max_iter=300,
    n_clusters=21, n_init=10, n_jobs=-1, precompute_distances='auto',
    random_state=None, tol=0.0001, verbose=0)"
KMeans_21,elmo,21,0.10426129374888304,0.21274395059469844,0.32716959904237725,0.2493127907796168,0.2829837207019965,"KMeans(algorithm='auto', copy_x=True, init='k-means++', max_iter=300,
    n_clusters=21, n_init=10, n_jobs=-1, precompute_distances='auto',
    random_state=None, tol=0.0001, verbose=0)"
KMeans_21,fasttext,21,0.2783112597962067,0.3881270091802158,0.5317739893324926,0.4170807872813647,0.4674955948855555,"KMeans(algorithm='auto', copy_x=True, init='k-means++', max_iter=300,
    n_clusters=21, n_init=10, n_jobs=-1, precompute_distances='auto',
    random_state=None, tol=0.0001, verbose=0)"
KMeans_22,w2v,22,0.31078050903940474,0.4445568046445881,0.6247362361350385,0.4713991383054876,0.53734261342051,"KMeans(algorithm='auto', copy_x=True, init='k-means++', max_iter=300,
    n_clusters=22, n_init=10, n_jobs=-1, precompute_distances='auto',
    random_state=None, tol=0.0001, verbose=0)"
KMeans_22,tfidf,22,0.4468475718713205,0.6104952824300053,0.7883042956391599,0.6291048656685534,0.6997641634494189,"KMeans(algorithm='auto', copy_x=True, init='k-means++', max_iter=300,
    n_clusters=22, n_init=10, n_jobs=-1, precompute_distances='auto',
    random_state=None, tol=0.0001, verbose=0)"
KMeans_22,elmo,22,0.11577953093832602,0.21500170042791947,0.3363506813583449,0.2526610567355617,0.2885603565753617,"KMeans(algorithm='auto', copy_x=True, init='k-means++', max_iter=300,
    n_clusters=22, n_init=10, n_jobs=-1, precompute_distances='auto',
    random_state=None, tol=0.0001, verbose=0)"
KMeans_22,fasttext,22,0.2937508083057801,0.40555876541702224,0.5618516714224606,0.4345557133766009,0.490072349144743,"KMeans(algorithm='auto', copy_x=True, init='k-means++', max_iter=300,
    n_clusters=22, n_init=10, n_jobs=-1, precompute_distances='auto',
    random_state=None, tol=0.0001, verbose=0)"
KMeans_23,w2v,23,0.29477426247331423,0.4241004319895331,0.6063193572937671,0.4528381985628222,0.5184583993051433,"KMeans(algorithm='auto', copy_x=True, init='k-means++', max_iter=300,
    n_clusters=23, n_init=10, n_jobs=-1, precompute_distances='auto',
    random_state=None, tol=0.0001, verbose=0)"
KMeans_23,tfidf,23,0.4411625586269573,0.5880545532403131,0.7582908998076165,0.6077683038416084,0.6747367504475195,"KMeans(algorithm='auto', copy_x=True, init='k-means++', max_iter=300,
    n_clusters=23, n_init=10, n_jobs=-1, precompute_distances='auto',
    random_state=None, tol=0.0001, verbose=0)"
KMeans_23,elmo,23,0.10381711798875352,0.20703978529513514,0.33228902434483953,0.2462354696384432,0.2828621599126829,"KMeans(algorithm='auto', copy_x=True, init='k-means++', max_iter=300,
    n_clusters=23, n_init=10, n_jobs=-1, precompute_distances='auto',
    random_state=None, tol=0.0001, verbose=0)"
KMeans_23,fasttext,23,0.28798916752966963,0.4043959375770616,0.5671372808921002,0.4342916342970428,0.491903065417062,"KMeans(algorithm='auto', copy_x=True, init='k-means++', max_iter=300,
    n_clusters=23, n_init=10, n_jobs=-1, precompute_distances='auto',
    random_state=None, tol=0.0001, verbose=0)"
KMeans_24,w2v,24,0.3014784105722869,0.4324878180160785,0.6269665293466354,0.4616391822064354,0.5317486630957801,"KMeans(algorithm='auto', copy_x=True, init='k-means++', max_iter=300,
    n_clusters=24, n_init=10, n_jobs=-1, precompute_distances='auto',
    random_state=None, tol=0.0001, verbose=0)"
KMeans_24,tfidf,23,0.40846745235691856,0.5858576655094352,0.7674392103047823,0.6059811339825221,0.6772197380904083,"KMeans(algorithm='auto', copy_x=True, init='k-means++', max_iter=300,
    n_clusters=24, n_init=10, n_jobs=-1, precompute_distances='auto',
    random_state=None, tol=0.0001, verbose=0)"
KMeans_24,elmo,24,0.09755375089472257,0.21221857515147569,0.3452002269158726,0.2522113491665788,0.2914687911941143,"KMeans(algorithm='auto', copy_x=True, init='k-means++', max_iter=300,
    n_clusters=24, n_init=10, n_jobs=-1, precompute_distances='auto',
    random_state=None, tol=0.0001, verbose=0)"
KMeans_24,fasttext,24,0.28562592951962396,0.4106555226927215,0.5869266560096293,0.4409167279431478,0.5035509976532938,"KMeans(algorithm='auto', copy_x=True, init='k-means++', max_iter=300,
    n_clusters=24, n_init=10, n_jobs=-1, precompute_distances='auto',
    random_state=None, tol=0.0001, verbose=0)"
KMeans_25,w2v,25,0.2643747928733225,0.426651146695242,0.6335127986995772,0.4567571255879849,0.5308070570621346,"KMeans(algorithm='auto', copy_x=True, init='k-means++', max_iter=300,
    n_clusters=25, n_init=10, n_jobs=-1, precompute_distances='auto',
    random_state=None, tol=0.0001, verbose=0)"
KMeans_25,tfidf,25,0.4073809420907612,0.5802815372265943,0.7705644913167501,0.6015436235307329,0.6756437794587599,"KMeans(algorithm='auto', copy_x=True, init='k-means++', max_iter=300,
    n_clusters=25, n_init=10, n_jobs=-1, precompute_distances='auto',
    random_state=None, tol=0.0001, verbose=0)"
KMeans_25,elmo,25,0.09909509782036943,0.2072825941007793,0.3471610180195661,0.24866528020266546,0.28977200932168234,"KMeans(algorithm='auto', copy_x=True, init='k-means++', max_iter=300,
    n_clusters=25, n_init=10, n_jobs=-1, precompute_distances='auto',
    random_state=None, tol=0.0001, verbose=0)"
KMeans_25,fasttext,25,0.2824400710505812,0.3979280115356593,0.5771103820399753,0.4299119100705221,0.4927529978395167,"KMeans(algorithm='auto', copy_x=True, init='k-means++', max_iter=300,
    n_clusters=25, n_init=10, n_jobs=-1, precompute_distances='auto',
    random_state=None, tol=0.0001, verbose=0)"
KMeans_26,w2v,26,0.2550124148963889,0.4196987775649852,0.6334400869063138,0.4509523460160126,0.5268411777481482,"KMeans(algorithm='auto', copy_x=True, init='k-means++', max_iter=300,
    n_clusters=26, n_init=10, n_jobs=-1, precompute_distances='auto',
    random_state=None, tol=0.0001, verbose=0)"
KMeans_26,tfidf,26,0.40113774232147204,0.5730087804969557,0.7596457435815559,0.5953603586445997,0.6675438016087611,"KMeans(algorithm='auto', copy_x=True, init='k-means++', max_iter=300,
    n_clusters=26, n_init=10, n_jobs=-1, precompute_distances='auto',
    random_state=None, tol=0.0001, verbose=0)"
KMeans_26,elmo,26,0.1063350175678362,0.21180922227150087,0.35904628749838724,0.25404055043367463,0.2975510510547454,"KMeans(algorithm='auto', copy_x=True, init='k-means++', max_iter=300,
    n_clusters=26, n_init=10, n_jobs=-1, precompute_distances='auto',
    random_state=None, tol=0.0001, verbose=0)"
KMeans_26,fasttext,26,0.2940366472656185,0.40440633024944855,0.5922415038286108,0.4368610439175092,0.5028211079264971,"KMeans(algorithm='auto', copy_x=True, init='k-means++', max_iter=300,
    n_clusters=26, n_init=10, n_jobs=-1, precompute_distances='auto',
    random_state=None, tol=0.0001, verbose=0)"
KMeans_27,w2v,27,0.2608690667073697,0.4260947306565833,0.6499662705684089,0.4578161973982967,0.5372265675497668,"KMeans(algorithm='auto', copy_x=True, init='k-means++', max_iter=300,
    n_clusters=27, n_init=10, n_jobs=-1, precompute_distances='auto',
    random_state=None, tol=0.0001, verbose=0)"
KMeans_27,tfidf,27,0.3548398680125538,0.5587677770530632,0.7859035347434723,0.582509759175199,0.6690909548932894,"KMeans(algorithm='auto', copy_x=True, init='k-means++', max_iter=300,
    n_clusters=27, n_init=10, n_jobs=-1, precompute_distances='auto',
    random_state=None, tol=0.0001, verbose=0)"
KMeans_27,elmo,27,0.0934188622267443,0.20687661449433656,0.3584704142263907,0.25041684880113924,0.2948560003461697,"KMeans(algorithm='auto', copy_x=True, init='k-means++', max_iter=300,
    n_clusters=27, n_init=10, n_jobs=-1, precompute_distances='auto',
    random_state=None, tol=0.0001, verbose=0)"
KMeans_27,fasttext,27,0.2519055715908313,0.3865878320412551,0.5828803664709246,0.4206811743939327,0.4886731647504909,"KMeans(algorithm='auto', copy_x=True, init='k-means++', max_iter=300,
    n_clusters=27, n_init=10, n_jobs=-1, precompute_distances='auto',
    random_state=None, tol=0.0001, verbose=0)"
KMeans_28,w2v,28,0.2587032760905597,0.4210927554964067,0.6513744610848982,0.453901795970861,0.5349975372194601,"KMeans(algorithm='auto', copy_x=True, init='k-means++', max_iter=300,
    n_clusters=28, n_init=10, n_jobs=-1, precompute_distances='auto',
    random_state=None, tol=0.0001, verbose=0)"
KMeans_28,tfidf,28,0.42808832943382596,0.5947597296254076,0.8022674033305405,0.6165279048920341,0.6972397476535167,"KMeans(algorithm='auto', copy_x=True, init='k-means++', max_iter=300,
    n_clusters=28, n_init=10, n_jobs=-1, precompute_distances='auto',
    random_state=None, tol=0.0001, verbose=0)"
KMeans_28,elmo,28,0.08885586112675438,0.19840176240405308,0.3513793854071217,0.24346085089776506,0.28763059032645594,"KMeans(algorithm='auto', copy_x=True, init='k-means++', max_iter=300,
    n_clusters=28, n_init=10, n_jobs=-1, precompute_distances='auto',
    random_state=None, tol=0.0001, verbose=0)"
KMeans_28,fasttext,28,0.27167400681858234,0.3975178711687819,0.6041734072346302,0.4317042391405351,0.5035811362314263,"KMeans(algorithm='auto', copy_x=True, init='k-means++', max_iter=300,
    n_clusters=28, n_init=10, n_jobs=-1, precompute_distances='auto',
    random_state=None, tol=0.0001, verbose=0)"
KMeans_29,w2v,29,0.2544048632865156,0.4133296662264936,0.6487573732591144,0.4473223686025785,0.5295302408595616,"KMeans(algorithm='auto', copy_x=True, init='k-means++', max_iter=300,
    n_clusters=29, n_init=10, n_jobs=-1, precompute_distances='auto',
    random_state=None, tol=0.0001, verbose=0)"
KMeans_29,tfidf,28,0.3956607925713718,0.5751876857991411,0.7810442823648395,0.5980822028985473,0.6774268929638685,"KMeans(algorithm='auto', copy_x=True, init='k-means++', max_iter=300,
    n_clusters=29, n_init=10, n_jobs=-1, precompute_distances='auto',
    random_state=None, tol=0.0001, verbose=0)"
KMeans_29,elmo,29,0.08598123086372178,0.19104752340502315,0.34492914788657736,0.2375568148081264,0.2813467618252753,"KMeans(algorithm='auto', copy_x=True, init='k-means++', max_iter=300,
    n_clusters=29, n_init=10, n_jobs=-1, precompute_distances='auto',
    random_state=None, tol=0.0001, verbose=0)"
KMeans_29,fasttext,29,0.25552403278759844,0.3893319580020461,0.601518604538479,0.4247403003107141,0.4979039724321786,"KMeans(algorithm='auto', copy_x=True, init='k-means++', max_iter=300,
    n_clusters=29, n_init=10, n_jobs=-1, precompute_distances='auto',
    random_state=None, tol=0.0001, verbose=0)"
KMeans_30,w2v,30,0.25898826665853564,0.4146224626324355,0.6569250464056033,0.4493645610349863,0.5336737019411886,"KMeans(algorithm='auto', copy_x=True, init='k-means++', max_iter=300,
    n_clusters=30, n_init=10, n_jobs=-1, precompute_distances='auto',
    random_state=None, tol=0.0001, verbose=0)"
KMeans_30,tfidf,28,0.3581038753724308,0.5463556649417312,0.7513334115607431,0.5707884778945393,0.6487336119255332,"KMeans(algorithm='auto', copy_x=True, init='k-means++', max_iter=300,
    n_clusters=30, n_init=10, n_jobs=-1, precompute_distances='auto',
    random_state=None, tol=0.0001, verbose=0)"
KMeans_30,elmo,30,0.09201958850904153,0.20324165658006305,0.3686410215533043,0.2501968526591227,0.2980839641434745,"KMeans(algorithm='auto', copy_x=True, init='k-means++', max_iter=300,
    n_clusters=30, n_init=10, n_jobs=-1, precompute_distances='auto',
    random_state=None, tol=0.0001, verbose=0)"
KMeans_30,fasttext,30,0.2717170397355237,0.4043554241957509,0.6220535375744459,0.4396372451790422,0.5151743013231104,"KMeans(algorithm='auto', copy_x=True, init='k-means++', max_iter=300,
    n_clusters=30, n_init=10, n_jobs=-1, precompute_distances='auto',
    random_state=None, tol=0.0001, verbose=0)"
KMeans_40,w2v,40,0.19736246511220326,0.3912222244234213,0.6925668087474633,0.4344938977565472,0.5339837516346378,"KMeans(algorithm='auto', copy_x=True, init='k-means++', max_iter=300,
    n_clusters=40, n_init=10, n_jobs=-1, precompute_distances='auto',
    random_state=None, tol=0.0001, verbose=0)"
KMeans_40,tfidf,40,0.2644176388503377,0.4854118288867761,0.7754501514040263,0.5204894755525393,0.6228895763752216,"KMeans(algorithm='auto', copy_x=True, init='k-means++', max_iter=300,
    n_clusters=40, n_init=10, n_jobs=-1, precompute_distances='auto',
    random_state=None, tol=0.0001, verbose=0)"
KMeans_40,elmo,40,0.07832140726045662,0.18981768816311714,0.395036672515724,0.2471306525363789,0.3040505701428821,"KMeans(algorithm='auto', copy_x=True, init='k-means++', max_iter=300,
    n_clusters=40, n_init=10, n_jobs=-1, precompute_distances='auto',
    random_state=None, tol=0.0001, verbose=0)"
KMeans_40,fasttext,40,0.21981801113203006,0.3881195634735196,0.6687818211767999,0.4314347638972297,0.5245071398351215,"KMeans(algorithm='auto', copy_x=True, init='k-means++', max_iter=300,
    n_clusters=40, n_init=10, n_jobs=-1, precompute_distances='auto',
    random_state=None, tol=0.0001, verbose=0)"
KMeans_50,w2v,50,0.1737155152629545,0.384271950680834,0.7315321117055279,0.4343483374613501,0.5450640445097765,"KMeans(algorithm='auto', copy_x=True, init='k-means++', max_iter=300,
    n_clusters=50, n_init=10, n_jobs=-1, precompute_distances='auto',
    random_state=None, tol=0.0001, verbose=0)"
KMeans_50,tfidf,47,0.2475035410882393,0.4741211879826946,0.7888338814096381,0.5128768261217186,0.6216045010521751,"KMeans(algorithm='auto', copy_x=True, init='k-means++', max_iter=300,
    n_clusters=50, n_init=10, n_jobs=-1, precompute_distances='auto',
    random_state=None, tol=0.0001, verbose=0)"
KMeans_50,elmo,50,0.06331886285515646,0.1833462785844422,0.42425259121560455,0.2496127286517956,0.3143027065163707,"KMeans(algorithm='auto', copy_x=True, init='k-means++', max_iter=300,
    n_clusters=50, n_init=10, n_jobs=-1, precompute_distances='auto',
    random_state=None, tol=0.0001, verbose=0)"
KMeans_50,fasttext,50,0.17106811868981994,0.35951989900660924,0.6766223503482955,0.4110476784665879,0.5114125404601152,"KMeans(algorithm='auto', copy_x=True, init='k-means++', max_iter=300,
    n_clusters=50, n_init=10, n_jobs=-1, precompute_distances='auto',
    random_state=None, tol=0.0001, verbose=0)"
KMeans_60,w2v,60,0.14129855527548107,0.3661489252025559,0.7497193321659322,0.4235209661461264,0.5412733544085778,"KMeans(algorithm='auto', copy_x=True, init='k-means++', max_iter=300,
    n_clusters=60, n_init=10, n_jobs=-1, precompute_distances='auto',
    random_state=None, tol=0.0001, verbose=0)"
KMeans_60,tfidf,56,0.2147459950382733,0.44810916003914897,0.7934120285362151,0.4931706374580514,0.6082586470690637,"KMeans(algorithm='auto', copy_x=True, init='k-means++', max_iter=300,
    n_clusters=60, n_init=10, n_jobs=-1, precompute_distances='auto',
    random_state=None, tol=0.0001, verbose=0)"
KMeans_60,elmo,60,0.05746013297476114,0.17770787007239291,0.4481367196289823,0.2520197655308594,0.3226116258307062,"KMeans(algorithm='auto', copy_x=True, init='k-means++', max_iter=300,
    n_clusters=60, n_init=10, n_jobs=-1, precompute_distances='auto',
    random_state=None, tol=0.0001, verbose=0)"
KMeans_60,fasttext,60,0.17719713800064554,0.3682049918256235,0.7192567840202521,0.4239261522685441,0.5334435133061232,"KMeans(algorithm='auto', copy_x=True, init='k-means++', max_iter=300,
    n_clusters=60, n_init=10, n_jobs=-1, precompute_distances='auto',
    random_state=None, tol=0.0001, verbose=0)"
KMeans_70,w2v,70,0.1314531625540153,0.3562860986837008,0.7670352280617183,0.4197334076603494,0.542566259975338,"KMeans(algorithm='auto', copy_x=True, init='k-means++', max_iter=300,
    n_clusters=70, n_init=10, n_jobs=-1, precompute_distances='auto',
    random_state=None, tol=0.0001, verbose=0)"
KMeans_70,tfidf,64,0.18682002957654686,0.417311410552563,0.7919422279796297,0.4688552791504598,0.5890022660587555,"KMeans(algorithm='auto', copy_x=True, init='k-means++', max_iter=300,
    n_clusters=70, n_init=10, n_jobs=-1, precompute_distances='auto',
    random_state=None, tol=0.0001, verbose=0)"
KMeans_70,elmo,70,0.05635028417690403,0.17382078568657006,0.4687195926984917,0.2551033519719701,0.330390021793962,"KMeans(algorithm='auto', copy_x=True, init='k-means++', max_iter=300,
    n_clusters=70, n_init=10, n_jobs=-1, precompute_distances='auto',
    random_state=None, tol=0.0001, verbose=0)"
KMeans_70,fasttext,70,0.1512019465977213,0.35525848801695353,0.7423014790892619,0.41760573088403097,0.5345071554792836,"KMeans(algorithm='auto', copy_x=True, init='k-means++', max_iter=300,
    n_clusters=70, n_init=10, n_jobs=-1, precompute_distances='auto',
    random_state=None, tol=0.0001, verbose=0)"
KMeans_80,w2v,80,0.1129061781388257,0.3387699124400733,0.7740751315335775,0.4089519133294821,0.5351686717154807,"KMeans(algorithm='auto', copy_x=True, init='k-means++', max_iter=300,
    n_clusters=80, n_init=10, n_jobs=-1, precompute_distances='auto',
    random_state=None, tol=0.0001, verbose=0)"
KMeans_80,tfidf,73,0.17796239494650726,0.4166425075215107,0.8212133976213039,0.4718169961583637,0.5993090964213036,"KMeans(algorithm='auto', copy_x=True, init='k-means++', max_iter=300,
    n_clusters=80, n_init=10, n_jobs=-1, precompute_distances='auto',
    random_state=None, tol=0.0001, verbose=0)"
KMeans_80,elmo,80,0.048554544223607284,0.16448744185832154,0.4754841873938318,0.25239563900267875,0.3297526073969261,"KMeans(algorithm='auto', copy_x=True, init='k-means++', max_iter=300,
    n_clusters=80, n_init=10, n_jobs=-1, precompute_distances='auto',
    random_state=None, tol=0.0001, verbose=0)"
KMeans_80,fasttext,79,0.1396509196757181,0.33661863394985303,0.7387729562235767,0.404809987275962,0.5230275122738598,"KMeans(algorithm='auto', copy_x=True, init='k-means++', max_iter=300,
    n_clusters=80, n_init=10, n_jobs=-1, precompute_distances='auto',
    random_state=None, tol=0.0001, verbose=0)"
KMeans_90,w2v,90,0.10173898304931522,0.32899532428654515,0.7875970130160558,0.4049412302157694,0.534876772589989,"KMeans(algorithm='auto', copy_x=True, init='k-means++', max_iter=300,
    n_clusters=90, n_init=10, n_jobs=-1, precompute_distances='auto',
    random_state=None, tol=0.0001, verbose=0)"
KMeans_90,tfidf,80,0.1641264310973987,0.4002680628244295,0.8076309989790058,0.4599172925090661,0.5860817530837437,"KMeans(algorithm='auto', copy_x=True, init='k-means++', max_iter=300,
    n_clusters=90, n_init=10, n_jobs=-1, precompute_distances='auto',
    random_state=None, tol=0.0001, verbose=0)"
KMeans_90,elmo,90,0.05132894588434676,0.16977270048647894,0.5094170329692163,0.2630104142174275,0.3469115069347661,"KMeans(algorithm='auto', copy_x=True, init='k-means++', max_iter=300,
    n_clusters=90, n_init=10, n_jobs=-1, precompute_distances='auto',
    random_state=None, tol=0.0001, verbose=0)"
KMeans_90,fasttext,87,0.12361850878399053,0.32908303557258634,0.7527342822021971,0.4018382093288319,0.5239643214770381,"KMeans(algorithm='auto', copy_x=True, init='k-means++', max_iter=300,
    n_clusters=90, n_init=10, n_jobs=-1, precompute_distances='auto',
    random_state=None, tol=0.0001, verbose=0)"
KMeans_100,w2v,100,0.10260332262911584,0.3280325752470524,0.8076851123904332,0.40835942819836696,0.5424568256363237,"KMeans(algorithm='auto', copy_x=True, init='k-means++', max_iter=300,
    n_clusters=100, n_init=10, n_jobs=-1, precompute_distances='auto',
    random_state=None, tol=0.0001, verbose=0)"
KMeans_100,tfidf,88,0.15557771567961712,0.3896472473637096,0.8204528472751734,0.4533968271066924,0.5840417833065326,"KMeans(algorithm='auto', copy_x=True, init='k-means++', max_iter=300,
    n_clusters=100, n_init=10, n_jobs=-1, precompute_distances='auto',
    random_state=None, tol=0.0001, verbose=0)"
KMeans_100,elmo,99,0.04356801688798504,0.16355756847458813,0.5193038149417487,0.26253437273570523,0.3487552884056248,"KMeans(algorithm='auto', copy_x=True, init='k-means++', max_iter=300,
    n_clusters=100, n_init=10, n_jobs=-1, precompute_distances='auto',
    random_state=None, tol=0.0001, verbose=0)"
KMeans_100,fasttext,98,0.1153480232854352,0.3223779457813629,0.7694333312126629,0.4006010378929039,0.5268833108019181,"KMeans(algorithm='auto', copy_x=True, init='k-means++', max_iter=300,
    n_clusters=100, n_init=10, n_jobs=-1, precompute_distances='auto',
    random_state=None, tol=0.0001, verbose=0)"
KMeans,w2v,16,0.3703166378834563,0.4668393879594687,0.5736726826569818,0.4877266567073528,0.5272199617614152,"KMeans(algorithm='auto', copy_x=True, init='k-means++', max_iter=300,
    n_clusters=16, n_init=10, n_jobs=-1, precompute_distances='auto',
    random_state=None, tol=0.0001, verbose=0)"
KMeans,tfidf,16,0.5332053484987054,0.6860832695251187,0.7530857173771588,0.6982691286674979,0.7246422322121852,"KMeans(algorithm='auto', copy_x=True, init='k-means++', max_iter=300,
    n_clusters=16, n_init=10, n_jobs=-1, precompute_distances='auto',
    random_state=None, tol=0.0001, verbose=0)"
KMeans,elmo,16,0.13210498658639042,0.21601735371789624,0.2924900957606749,0.2463071427223605,0.2674193355713339,"KMeans(algorithm='auto', copy_x=True, init='k-means++', max_iter=300,
    n_clusters=16, n_init=10, n_jobs=-1, precompute_distances='auto',
    random_state=None, tol=0.0001, verbose=0)"
KMeans,fasttext,16,0.3345024245628317,0.3965016646942488,0.4802619580054778,0.4205798294144762,0.4484438781435953,"KMeans(algorithm='auto', copy_x=True, init='k-means++', max_iter=300,
    n_clusters=16, n_init=10, n_jobs=-1, precompute_distances='auto',
    random_state=None, tol=0.0001, verbose=0)"
HDBSCAN,w2v,2,0.04456271377586907,0.016810925199965927,0.019736302353324686,0.08769207336158162,0.03222085901116268,"HDBSCAN(algorithm='best', allow_single_cluster=False, alpha=1.0,
    approx_min_span_tree=True, cluster_selection_method='eom',
    core_dist_n_jobs=-1, gen_min_span_tree=False, leaf_size=40,
    match_reference_implementation=False, memory=Memory(cachedir=None),
    metric='euclidean', min_cluster_size=5, min_samples=None, p=None,
    prediction_data=False)"
HDBSCAN,tfidf,5,0.0020432624770702766,0.0017666270673901547,0.006006374259478828,0.348246382021036,0.011809071731097394,"HDBSCAN(algorithm='best', allow_single_cluster=False, alpha=1.0,
    approx_min_span_tree=True, cluster_selection_method='eom',
    core_dist_n_jobs=-1, gen_min_span_tree=False, leaf_size=40,
    match_reference_implementation=False, memory=Memory(cachedir=None),
    metric='euclidean', min_cluster_size=5, min_samples=None, p=None,
    prediction_data=False)"
HDBSCAN,elmo,3,-0.0031143302149421893,0.0093194986961719,0.013654331591601841,0.11397082399090573,0.02438697003638694,"HDBSCAN(algorithm='best', allow_single_cluster=False, alpha=1.0,
    approx_min_span_tree=True, cluster_selection_method='eom',
    core_dist_n_jobs=-1, gen_min_span_tree=False, leaf_size=40,
    match_reference_implementation=False, memory=Memory(cachedir=None),
    metric='euclidean', min_cluster_size=5, min_samples=None, p=None,
    prediction_data=False)"
HDBSCAN,fasttext,4,0.02514458754980779,0.014666455707264625,0.019778865142621928,0.1180729541561838,0.03388201982570966,"HDBSCAN(algorithm='best', allow_single_cluster=False, alpha=1.0,
    approx_min_span_tree=True, cluster_selection_method='eom',
    core_dist_n_jobs=-1, gen_min_span_tree=False, leaf_size=40,
    match_reference_implementation=False, memory=Memory(cachedir=None),
    metric='euclidean', min_cluster_size=5, min_samples=None, p=None,
    prediction_data=False)"
Agglomerative,w2v,16,0.5052339362151939,0.5173842601716995,0.6101289384733423,0.5369609898702532,0.571211429297808,"AgglomerativeClustering(affinity='euclidean', compute_full_tree='auto',
            connectivity=None, linkage='ward', memory=None, n_clusters=16,
            pooling_func=<function mean at 0x7f15903e8d90>)"
Agglomerative,tfidf,16,0.5116977856209222,0.5856125041886969,0.6102001929363579,0.6026013678062246,0.6063769750987605,"AgglomerativeClustering(affinity='euclidean', compute_full_tree='auto',
            connectivity=None, linkage='ward', memory=None, n_clusters=16,
            pooling_func=<function mean at 0x7f15903e8d90>)"
Agglomerative,elmo,16,0.1299422848399712,0.2132996934559934,0.28918685422683865,0.2439642039202489,0.2646576034973857,"AgglomerativeClustering(affinity='euclidean', compute_full_tree='auto',
            connectivity=None, linkage='ward', memory=None, n_clusters=16,
            pooling_func=<function mean at 0x7f15903e8d90>)"
Agglomerative,fasttext,16,0.2999825396213826,0.40063198421043145,0.4932249285711413,0.4241856968145117,0.4561075579962629,"AgglomerativeClustering(affinity='euclidean', compute_full_tree='auto',
            connectivity=None, linkage='ward', memory=None, n_clusters=16,
            pooling_func=<function mean at 0x7f15903e8d90>)"
SpectralClustering,w2v,16,0.3234231417349168,0.4744103456471642,0.59665502183854,0.4947128474032069,0.5409228420408692,"SpectralClustering(affinity='rbf', assign_labels='kmeans', coef0=1, degree=3,
          eigen_solver=None, eigen_tol=0.0, gamma=1.0, kernel_params=None,
          n_clusters=16, n_init=10, n_jobs=-1, n_neighbors=10,
          random_state=None)"
SpectralClustering,tfidf,16,0.3790540595592968,0.5699460912952278,0.6516508226688068,0.586331523286958,0.6172679614613071,"SpectralClustering(affinity='rbf', assign_labels='kmeans', coef0=1, degree=3,
          eigen_solver=None, eigen_tol=0.0, gamma=1.0, kernel_params=None,
          n_clusters=16, n_init=10, n_jobs=-1, n_neighbors=10,
          random_state=None)"
SpectralClustering,elmo,16,0.07260080146999143,0.16788159357262672,0.2255404639155872,0.202511584117679,0.21340655576834044,"SpectralClustering(affinity='rbf', assign_labels='kmeans', coef0=1, degree=3,
          eigen_solver=None, eigen_tol=0.0, gamma=1.0, kernel_params=None,
          n_clusters=16, n_init=10, n_jobs=-1, n_neighbors=10,
          random_state=None)"
SpectralClustering,fasttext,16,0.3591898188237312,0.4663308587924442,0.5654707632592916,0.4872352259863736,0.5234458204664625,"SpectralClustering(affinity='rbf', assign_labels='kmeans', coef0=1, degree=3,
          eigen_solver=None, eigen_tol=0.0, gamma=1.0, kernel_params=None,
          n_clusters=16, n_init=10, n_jobs=-1, n_neighbors=10,
          random_state=None)"
SpectralClustering,w2v,16,0.3380785030477996,0.4365894373490513,0.5492103510064802,0.4585183433365231,0.499783367686954,"SpectralClustering(affinity='rbf', assign_labels='discretize', coef0=1,
          degree=3, eigen_solver=None, eigen_tol=0.0, gamma=1.0,
          kernel_params=None, n_clusters=16, n_init=10, n_jobs=-1,
          n_neighbors=10, random_state=None)"
SpectralClustering,tfidf,16,0.3981510694500117,0.5733824217840129,0.6669590245141259,0.5890780006519372,0.625603992247924,"SpectralClustering(affinity='rbf', assign_labels='discretize', coef0=1,
          degree=3, eigen_solver=None, eigen_tol=0.0, gamma=1.0,
          kernel_params=None, n_clusters=16, n_init=10, n_jobs=-1,
          n_neighbors=10, random_state=None)"
SpectralClustering,elmo,13,0.14705432070962826,0.21945381712034184,0.2431332478145556,0.2546279038577169,0.2487478544324,"SpectralClustering(affinity='rbf', assign_labels='discretize', coef0=1,
          degree=3, eigen_solver=None, eigen_tol=0.0, gamma=1.0,
          kernel_params=None, n_clusters=16, n_init=10, n_jobs=-1,
          n_neighbors=10, random_state=None)"
SpectralClustering,fasttext,16,0.3676052048413552,0.4704809310884661,0.5684748028793971,0.4912799754557497,0.5270658701714862,"SpectralClustering(affinity='rbf', assign_labels='discretize', coef0=1,
          degree=3, eigen_solver=None, eigen_tol=0.0, gamma=1.0,
          kernel_params=None, n_clusters=16, n_init=10, n_jobs=-1,
          n_neighbors=10, random_state=None)"
AffinityPropagation,w2v,310,0.03879490048428149,0.2267162231432589,0.9322993007683652,0.38023892449610175,0.5401693857124845,"AffinityPropagation(affinity='euclidean', convergence_iter=15, copy=True,
          damping=0.5, max_iter=200, preference=None, verbose=False)"
AffinityPropagation,tfidf,428,0.029315064754682364,0.16769660859565105,0.8801604630626142,0.3485741129280973,0.4993774223356002,"AffinityPropagation(affinity='euclidean', convergence_iter=15, copy=True,
          damping=0.5, max_iter=200, preference=None, verbose=False)"
AffinityPropagation,elmo,356,0.013356360991161522,0.09176078918789876,0.7006265756836464,0.28038698412519203,0.4004971604922119,"AffinityPropagation(affinity='euclidean', convergence_iter=15, copy=True,
          damping=0.5, max_iter=200, preference=None, verbose=False)"
AffinityPropagation,fasttext,340,0.040723146682525836,0.20099672346238448,0.8867530177187117,0.3623622823888423,0.5144854880699619,"AffinityPropagation(affinity='euclidean', convergence_iter=15, copy=True,
          damping=0.5, max_iter=200, preference=None, verbose=False)"
Birch,w2v,16,0.5228237694472294,0.46331202123966997,0.4856797250603588,0.4949001339760948,0.4902465796881288,"Birch(branching_factor=50, compute_labels=True, copy=True, n_clusters=16,
   threshold=0.5)"
Birch,tfidf,1,0.0,2.616150013596189e-16,1.2589706883110241e-16,1.0,2.5179413766220473e-16,"Birch(branching_factor=50, compute_labels=True, copy=True, n_clusters=16,
   threshold=0.5)"
Birch,elmo,16,0.16408709910253566,0.2371511107776124,0.3033489287452064,0.2675474519238705,0.2843256173195489,"Birch(branching_factor=50, compute_labels=True, copy=True, n_clusters=16,
   threshold=0.5)"
Birch,fasttext,1,0.0,2.616150013596189e-16,1.2589706883110241e-16,1.0,2.5179413766220473e-16,"Birch(branching_factor=50, compute_labels=True, copy=True, n_clusters=16,
   threshold=0.5)"
GaussianMixture,w2v,16,0.3800130198578909,0.4737772372051228,0.5809258006838399,0.4944298747205518,0.5341992001781817,"GaussianMixture(covariance_type='full', init_params='kmeans', max_iter=100,
        means_init=None, n_components=16, n_init=1, precisions_init=None,
        random_state=None, reg_covar=1e-06, tol=0.001, verbose=0,
        verbose_interval=10, warm_start=False, weights_init=None)"
GaussianMixture,tfidf,16,0.3159325134039126,0.5660373243278721,0.5834545136752894,0.6094494231594328,0.5961687371787746,"GaussianMixture(covariance_type='full', init_params='kmeans', max_iter=100,
        means_init=None, n_components=16, n_init=1, precisions_init=None,
        random_state=None, reg_covar=1e-06, tol=0.001, verbose=0,
        verbose_interval=10, warm_start=False, weights_init=None)"
GaussianMixture,elmo,16,0.14669108352495175,0.2263474117956571,0.30936640642499164,0.2561883887151529,0.2802772847676982,"GaussianMixture(covariance_type='full', init_params='kmeans', max_iter=100,
        means_init=None, n_components=16, n_init=1, precisions_init=None,
        random_state=None, reg_covar=1e-06, tol=0.001, verbose=0,
        verbose_interval=10, warm_start=False, weights_init=None)"
GaussianMixture,fasttext,16,0.4169836320100046,0.4501115820098348,0.5308804011967296,0.4723783259782402,0.4999236755569871,"GaussianMixture(covariance_type='full', init_params='kmeans', max_iter=100,
        means_init=None, n_components=16, n_init=1, precisions_init=None,
        random_state=None, reg_covar=1e-06, tol=0.001, verbose=0,
        verbose_interval=10, warm_start=False, weights_init=None)"
HDBSCAN,w2v,76,0.0862237429425423,0.20240099805476536,0.2667959559294446,0.4893861894020452,0.3453301748164132,"HDBSCAN(algorithm='best', allow_single_cluster=False, alpha=0.1,
    approx_min_span_tree=True, cluster_selection_method='eom',
    core_dist_n_jobs=-1, gen_min_span_tree=False, leaf_size=40,
    match_reference_implementation=False, memory=Memory(cachedir=None),
    metric='euclidean', min_cluster_size=5, min_samples=None, p=None,
    prediction_data=False)"
HDBSCAN,tfidf,4,0.001567096188607668,0.001657580044256468,0.004633422890444884,0.3968874747361709,0.009159909340925624,"HDBSCAN(algorithm='best', allow_single_cluster=False, alpha=0.1,
    approx_min_span_tree=True, cluster_selection_method='eom',
    core_dist_n_jobs=-1, gen_min_span_tree=False, leaf_size=40,
    match_reference_implementation=False, memory=Memory(cachedir=None),
    metric='euclidean', min_cluster_size=5, min_samples=None, p=None,
    prediction_data=False)"
HDBSCAN,elmo,3,-0.002905372490949909,0.006567583823927562,0.01090840039038438,0.11751170762456495,0.01996361437692169,"HDBSCAN(algorithm='best', allow_single_cluster=False, alpha=0.1,
    approx_min_span_tree=True, cluster_selection_method='eom',
    core_dist_n_jobs=-1, gen_min_span_tree=False, leaf_size=40,
    match_reference_implementation=False, memory=Memory(cachedir=None),
    metric='euclidean', min_cluster_size=5, min_samples=None, p=None,
    prediction_data=False)"
HDBSCAN,fasttext,7,0.02062432167872833,0.01516754645944449,0.023924603384948312,0.15715909976358702,0.041527415938641364,"HDBSCAN(algorithm='best', allow_single_cluster=False, alpha=0.1,
    approx_min_span_tree=True, cluster_selection_method='eom',
    core_dist_n_jobs=-1, gen_min_span_tree=False, leaf_size=40,
    match_reference_implementation=False, memory=Memory(cachedir=None),
    metric='euclidean', min_cluster_size=5, min_samples=None, p=None,
    prediction_data=False)"
HDBSCAN,w2v,76,0.0862237429425423,0.20240099805476536,0.2667959559294446,0.4893861894020452,0.3453301748164132,"HDBSCAN(algorithm='best', allow_single_cluster=False, alpha=0.2,
    approx_min_span_tree=True, cluster_selection_method='eom',
    core_dist_n_jobs=-1, gen_min_span_tree=False, leaf_size=40,
    match_reference_implementation=False, memory=Memory(cachedir=None),
    metric='euclidean', min_cluster_size=5, min_samples=None, p=None,
    prediction_data=False)"
HDBSCAN,tfidf,4,0.001567096188607668,0.001657580044256468,0.004633422890444884,0.3968874747361709,0.009159909340925624,"HDBSCAN(algorithm='best', allow_single_cluster=False, alpha=0.2,
    approx_min_span_tree=True, cluster_selection_method='eom',
    core_dist_n_jobs=-1, gen_min_span_tree=False, leaf_size=40,
    match_reference_implementation=False, memory=Memory(cachedir=None),
    metric='euclidean', min_cluster_size=5, min_samples=None, p=None,
    prediction_data=False)"
HDBSCAN,elmo,3,-0.002905372490949909,0.006567583823927562,0.01090840039038438,0.11751170762456495,0.01996361437692169,"HDBSCAN(algorithm='best', allow_single_cluster=False, alpha=0.2,
    approx_min_span_tree=True, cluster_selection_method='eom',
    core_dist_n_jobs=-1, gen_min_span_tree=False, leaf_size=40,
    match_reference_implementation=False, memory=Memory(cachedir=None),
    metric='euclidean', min_cluster_size=5, min_samples=None, p=None,
    prediction_data=False)"
HDBSCAN,fasttext,7,0.02062432167872833,0.01516754645944449,0.023924603384948312,0.15715909976358702,0.041527415938641364,"HDBSCAN(algorithm='best', allow_single_cluster=False, alpha=0.2,
    approx_min_span_tree=True, cluster_selection_method='eom',
    core_dist_n_jobs=-1, gen_min_span_tree=False, leaf_size=40,
    match_reference_implementation=False, memory=Memory(cachedir=None),
    metric='euclidean', min_cluster_size=5, min_samples=None, p=None,
    prediction_data=False)"
KMeans,w2v,196,0.054046201526470564,0.2560053790528811,0.8539989658720214,0.3780418861717912,0.5240855111442966,"KMeans(algorithm='auto', copy_x=True, init='k-means++', max_iter=300,
    n_clusters=200, n_init=10, n_jobs=-1, precompute_distances='auto',
    random_state=None, tol=0.0001, verbose=0)"
KMeans,tfidf,155,0.08576550261418615,0.30918781335167284,0.8511400025201292,0.4071515067213793,0.550815024836023,"KMeans(algorithm='auto', copy_x=True, init='k-means++', max_iter=300,
    n_clusters=200, n_init=10, n_jobs=-1, precompute_distances='auto',
    random_state=None, tol=0.0001, verbose=0)"
KMeans,elmo,190,0.022454502704115444,0.12479432231718125,0.5998762848611241,0.2663243463923207,0.3688791111839936,"KMeans(algorithm='auto', copy_x=True, init='k-means++', max_iter=300,
    n_clusters=200, n_init=10, n_jobs=-1, precompute_distances='auto',
    random_state=None, tol=0.0001, verbose=0)"
KMeans,fasttext,185,0.07138543400525299,0.2655090592451737,0.8266589661355037,0.3797677498637135,0.5204434074786316,"KMeans(algorithm='auto', copy_x=True, init='k-means++', max_iter=300,
    n_clusters=200, n_init=10, n_jobs=-1, precompute_distances='auto',
    random_state=None, tol=0.0001, verbose=0)"
HDBSCAN,w2v,76,0.0862237429425423,0.20240099805476536,0.2667959559294446,0.4893861894020452,0.3453301748164132,"HDBSCAN(algorithm='best', allow_single_cluster=False, alpha=0.3,
    approx_min_span_tree=True, cluster_selection_method='eom',
    core_dist_n_jobs=-1, gen_min_span_tree=False, leaf_size=40,
    match_reference_implementation=False, memory=Memory(cachedir=None),
    metric='euclidean', min_cluster_size=5, min_samples=None, p=None,
    prediction_data=False)"
HDBSCAN,tfidf,4,0.001567096188607668,0.001657580044256468,0.004633422890444884,0.3968874747361709,0.009159909340925624,"HDBSCAN(algorithm='best', allow_single_cluster=False, alpha=0.3,
    approx_min_span_tree=True, cluster_selection_method='eom',
    core_dist_n_jobs=-1, gen_min_span_tree=False, leaf_size=40,
    match_reference_implementation=False, memory=Memory(cachedir=None),
    metric='euclidean', min_cluster_size=5, min_samples=None, p=None,
    prediction_data=False)"
HDBSCAN,elmo,3,-0.002905372490949909,0.006567583823927562,0.01090840039038438,0.11751170762456495,0.01996361437692169,"HDBSCAN(algorithm='best', allow_single_cluster=False, alpha=0.3,
    approx_min_span_tree=True, cluster_selection_method='eom',
    core_dist_n_jobs=-1, gen_min_span_tree=False, leaf_size=40,
    match_reference_implementation=False, memory=Memory(cachedir=None),
    metric='euclidean', min_cluster_size=5, min_samples=None, p=None,
    prediction_data=False)"
HDBSCAN,fasttext,7,0.02062432167872833,0.01516754645944449,0.023924603384948312,0.15715909976358702,0.041527415938641364,"HDBSCAN(algorithm='best', allow_single_cluster=False, alpha=0.3,
    approx_min_span_tree=True, cluster_selection_method='eom',
    core_dist_n_jobs=-1, gen_min_span_tree=False, leaf_size=40,
    match_reference_implementation=False, memory=Memory(cachedir=None),
    metric='euclidean', min_cluster_size=5, min_samples=None, p=None,
    prediction_data=False)"
Agglomerative,w2v,193,0.058887056158980114,0.261789265169871,0.8542238512548445,0.38132563817527376,0.5272754479054271,"AgglomerativeClustering(affinity='euclidean', compute_full_tree='auto',
            connectivity=None, linkage='ward', memory=None, n_clusters=200,
            pooling_func=<function mean at 0x7fbb7b337d90>)"
Agglomerative,tfidf,160,0.0961368211328486,0.29428216359218523,0.8044883923909536,0.3933584911733665,0.5283685995922206,"AgglomerativeClustering(affinity='euclidean', compute_full_tree='auto',
            connectivity=None, linkage='ward', memory=None, n_clusters=200,
            pooling_func=<function mean at 0x7fbb7b337d90>)"
Agglomerative,elmo,193,0.023317330108411482,0.12067980551466402,0.5868528873943162,0.262254970323765,0.3625100984970779,"AgglomerativeClustering(affinity='euclidean', compute_full_tree='auto',
            connectivity=None, linkage='ward', memory=None, n_clusters=200,
            pooling_func=<function mean at 0x7fbb7b337d90>)"
Agglomerative,fasttext,179,0.08040224901849735,0.27243650033212496,0.8238196766731891,0.3835316511747224,0.5233951602602542,"AgglomerativeClustering(affinity='euclidean', compute_full_tree='auto',
            connectivity=None, linkage='ward', memory=None, n_clusters=200,
            pooling_func=<function mean at 0x7fbb7b337d90>)"
SpectralClustering,w2v,188,0.058424327753430434,0.2630853977067011,0.8469144743027619,0.3805392140796464,0.525126400277586,"SpectralClustering(affinity='rbf', assign_labels='kmeans', coef0=1, degree=3,
          eigen_solver=None, eigen_tol=0.0, gamma=1.0, kernel_params=None,
          n_clusters=200, n_init=10, n_jobs=-1, n_neighbors=10,
          random_state=None)"
SpectralClustering,tfidf,157,0.06490086124661365,0.22641521124120506,0.684539816033436,0.3333790204484137,0.4483878382993916,"SpectralClustering(affinity='rbf', assign_labels='kmeans', coef0=1, degree=3,
          eigen_solver=None, eigen_tol=0.0, gamma=1.0, kernel_params=None,
          n_clusters=200, n_init=10, n_jobs=-1, n_neighbors=10,
          random_state=None)"
SpectralClustering,elmo,183,0.02552045803525,0.11748745578262162,0.5349497311535695,0.260983782824024,0.35081624785329363,"SpectralClustering(affinity='rbf', assign_labels='kmeans', coef0=1, degree=3,
          eigen_solver=None, eigen_tol=0.0, gamma=1.0, kernel_params=None,
          n_clusters=200, n_init=10, n_jobs=-1, n_neighbors=10,
          random_state=None)"
SpectralClustering,fasttext,157,0.0797493496267992,0.2714422204491957,0.7883377871582051,0.3763366773644031,0.5094649749731264,"SpectralClustering(affinity='rbf', assign_labels='kmeans', coef0=1, degree=3,
          eigen_solver=None, eigen_tol=0.0, gamma=1.0, kernel_params=None,
          n_clusters=200, n_init=10, n_jobs=-1, n_neighbors=10,
          random_state=None)"
HDBSCAN,w2v,76,0.0862237429425423,0.20240099805476536,0.2667959559294446,0.4893861894020452,0.3453301748164132,"HDBSCAN(algorithm='best', allow_single_cluster=False, alpha=0.4,
    approx_min_span_tree=True, cluster_selection_method='eom',
    core_dist_n_jobs=-1, gen_min_span_tree=False, leaf_size=40,
    match_reference_implementation=False, memory=Memory(cachedir=None),
    metric='euclidean', min_cluster_size=5, min_samples=None, p=None,
    prediction_data=False)"
HDBSCAN,tfidf,4,0.001567096188607668,0.001657580044256468,0.004633422890444884,0.3968874747361709,0.009159909340925624,"HDBSCAN(algorithm='best', allow_single_cluster=False, alpha=0.4,
    approx_min_span_tree=True, cluster_selection_method='eom',
    core_dist_n_jobs=-1, gen_min_span_tree=False, leaf_size=40,
    match_reference_implementation=False, memory=Memory(cachedir=None),
    metric='euclidean', min_cluster_size=5, min_samples=None, p=None,
    prediction_data=False)"
HDBSCAN,elmo,3,-0.002905372490949909,0.006567583823927562,0.01090840039038438,0.11751170762456495,0.01996361437692169,"HDBSCAN(algorithm='best', allow_single_cluster=False, alpha=0.4,
    approx_min_span_tree=True, cluster_selection_method='eom',
    core_dist_n_jobs=-1, gen_min_span_tree=False, leaf_size=40,
    match_reference_implementation=False, memory=Memory(cachedir=None),
    metric='euclidean', min_cluster_size=5, min_samples=None, p=None,
    prediction_data=False)"
HDBSCAN,fasttext,7,0.02062432167872833,0.01516754645944449,0.023924603384948312,0.15715909976358702,0.041527415938641364,"HDBSCAN(algorithm='best', allow_single_cluster=False, alpha=0.4,
    approx_min_span_tree=True, cluster_selection_method='eom',
    core_dist_n_jobs=-1, gen_min_span_tree=False, leaf_size=40,
    match_reference_implementation=False, memory=Memory(cachedir=None),
    metric='euclidean', min_cluster_size=5, min_samples=None, p=None,
    prediction_data=False)"
SpectralClustering,w2v,179,0.06864114986044481,0.2624048703774926,0.8096134443457194,0.37447586408470096,0.5120909242020569,"SpectralClustering(affinity='rbf', assign_labels='discretize', coef0=1,
          degree=3, eigen_solver=None, eigen_tol=0.0, gamma=1.0,
          kernel_params=None, n_clusters=200, n_init=10, n_jobs=-1,
          n_neighbors=10, random_state=None)"
SpectralClustering,tfidf,185,0.05146448275931341,0.19340137155024328,0.6826048408128994,0.31650424111966097,0.43247995846098586,"SpectralClustering(affinity='rbf', assign_labels='discretize', coef0=1,
          degree=3, eigen_solver=None, eigen_tol=0.0, gamma=1.0,
          kernel_params=None, n_clusters=200, n_init=10, n_jobs=-1,
          n_neighbors=10, random_state=None)"
SpectralClustering,elmo,153,0.03279765352815326,0.13978794004004005,0.5423605173129211,0.2601711783286696,0.35165358735256097,"SpectralClustering(affinity='rbf', assign_labels='discretize', coef0=1,
          degree=3, eigen_solver=None, eigen_tol=0.0, gamma=1.0,
          kernel_params=None, n_clusters=200, n_init=10, n_jobs=-1,
          n_neighbors=10, random_state=None)"
SpectralClustering,fasttext,173,0.06616054992686167,0.2462838111837275,0.7758658225418655,0.360088810979503,0.491886899836267,"SpectralClustering(affinity='rbf', assign_labels='discretize', coef0=1,
          degree=3, eigen_solver=None, eigen_tol=0.0, gamma=1.0,
          kernel_params=None, n_clusters=200, n_init=10, n_jobs=-1,
          n_neighbors=10, random_state=None)"
Birch,w2v,86,0.4627643904898653,0.43283702311489264,0.6259784485651584,0.4855355791122804,0.5468843414796613,"Birch(branching_factor=50, compute_labels=True, copy=True, n_clusters=200,
   threshold=0.5)"
Birch,tfidf,1,0.0,2.616150013596189e-16,1.2589706883110241e-16,1.0,2.5179413766220473e-16,"Birch(branching_factor=50, compute_labels=True, copy=True, n_clusters=200,
   threshold=0.5)"
Birch,elmo,193,0.02425551380999787,0.12592487588042856,0.6008259848422121,0.267593719021089,0.3702754763697626,"Birch(branching_factor=50, compute_labels=True, copy=True, n_clusters=200,
   threshold=0.5)"
Birch,fasttext,1,0.0,2.616150013596189e-16,1.2589706883110241e-16,1.0,2.5179413766220473e-16,"Birch(branching_factor=50, compute_labels=True, copy=True, n_clusters=200,
   threshold=0.5)"
HDBSCAN,w2v,76,0.0862237429425423,0.20240099805476536,0.2667959559294446,0.4893861894020452,0.3453301748164132,"HDBSCAN(algorithm='best', allow_single_cluster=False, alpha=0.5,
    approx_min_span_tree=True, cluster_selection_method='eom',
    core_dist_n_jobs=-1, gen_min_span_tree=False, leaf_size=40,
    match_reference_implementation=False, memory=Memory(cachedir=None),
    metric='euclidean', min_cluster_size=5, min_samples=None, p=None,
    prediction_data=False)"
HDBSCAN,tfidf,4,0.001567096188607668,0.001657580044256468,0.004633422890444884,0.3968874747361709,0.009159909340925624,"HDBSCAN(algorithm='best', allow_single_cluster=False, alpha=0.5,
    approx_min_span_tree=True, cluster_selection_method='eom',
    core_dist_n_jobs=-1, gen_min_span_tree=False, leaf_size=40,
    match_reference_implementation=False, memory=Memory(cachedir=None),
    metric='euclidean', min_cluster_size=5, min_samples=None, p=None,
    prediction_data=False)"
HDBSCAN,elmo,3,-0.002905372490949909,0.006567583823927562,0.01090840039038438,0.11751170762456495,0.01996361437692169,"HDBSCAN(algorithm='best', allow_single_cluster=False, alpha=0.5,
    approx_min_span_tree=True, cluster_selection_method='eom',
    core_dist_n_jobs=-1, gen_min_span_tree=False, leaf_size=40,
    match_reference_implementation=False, memory=Memory(cachedir=None),
    metric='euclidean', min_cluster_size=5, min_samples=None, p=None,
    prediction_data=False)"
HDBSCAN,fasttext,7,0.02062432167872833,0.01516754645944449,0.023924603384948312,0.15715909976358702,0.041527415938641364,"HDBSCAN(algorithm='best', allow_single_cluster=False, alpha=0.5,
    approx_min_span_tree=True, cluster_selection_method='eom',
    core_dist_n_jobs=-1, gen_min_span_tree=False, leaf_size=40,
    match_reference_implementation=False, memory=Memory(cachedir=None),
    metric='euclidean', min_cluster_size=5, min_samples=None, p=None,
    prediction_data=False)"
GaussianMixture,w2v,195,0.05072661185627495,0.253094327624952,0.8530109621441585,0.3760522932451416,0.5219857107776783,"GaussianMixture(covariance_type='full', init_params='kmeans', max_iter=100,
        means_init=None, n_components=200, n_init=1, precisions_init=None,
        random_state=None, reg_covar=1e-06, tol=0.001, verbose=0,
        verbose_interval=10, warm_start=False, weights_init=None)"
GaussianMixture,tfidf,157,0.08740199279984276,0.3093289669716109,0.8444709576680206,0.4067989288359725,0.5490899840517218,"GaussianMixture(covariance_type='full', init_params='kmeans', max_iter=100,
        means_init=None, n_components=200, n_init=1, precisions_init=None,
        random_state=None, reg_covar=1e-06, tol=0.001, verbose=0,
        verbose_interval=10, warm_start=False, weights_init=None)"
GaussianMixture,elmo,195,0.02232850213249436,0.12415089646954852,0.6072105053006556,0.26793939495504143,0.3718119955291477,"GaussianMixture(covariance_type='full', init_params='kmeans', max_iter=100,
        means_init=None, n_components=200, n_init=1, precisions_init=None,
        random_state=None, reg_covar=1e-06, tol=0.001, verbose=0,
        verbose_interval=10, warm_start=False, weights_init=None)"
GaussianMixture,fasttext,182,0.0750523555732206,0.2679312799669733,0.8308287380330603,0.38176955780742905,0.5231495393331969,"GaussianMixture(covariance_type='full', init_params='kmeans', max_iter=100,
        means_init=None, n_components=200, n_init=1, precisions_init=None,
        random_state=None, reg_covar=1e-06, tol=0.001, verbose=0,
        verbose_interval=10, warm_start=False, weights_init=None)"
Birch,w2v,178,0.2570907537376282,0.31176860557278546,0.7814957819101184,0.4094255241052521,0.537339148234979,"Birch(branching_factor=50, compute_labels=True, copy=True, n_clusters=None,
   threshold=0.5)"
Birch,tfidf,1,0.0,2.616150013596189e-16,1.258970688311024e-16,1.0,2.5179413766220473e-16,"Birch(branching_factor=50, compute_labels=True, copy=True, n_clusters=None,
   threshold=0.5)"
Birch,elmo,1149,0.00033657759290732487,0.003994830684108568,0.9989513245390343,0.3206751761975568,0.4854993315616658,"Birch(branching_factor=50, compute_labels=True, copy=True, n_clusters=None,
   threshold=0.5)"
Birch,fasttext,1,0.0,2.616150013596189e-16,1.258970688311024e-16,1.0,2.5179413766220473e-16,"Birch(branching_factor=50, compute_labels=True, copy=True, n_clusters=None,
   threshold=0.5)"
HDBSCAN,w2v,76,0.0862237429425423,0.20240099805476536,0.2667959559294446,0.4893861894020452,0.3453301748164132,"HDBSCAN(algorithm='best', allow_single_cluster=False, alpha=0.6,
    approx_min_span_tree=True, cluster_selection_method='eom',
    core_dist_n_jobs=-1, gen_min_span_tree=False, leaf_size=40,
    match_reference_implementation=False, memory=Memory(cachedir=None),
    metric='euclidean', min_cluster_size=5, min_samples=None, p=None,
    prediction_data=False)"
HDBSCAN,tfidf,4,0.001567096188607668,0.001657580044256468,0.004633422890444884,0.3968874747361709,0.009159909340925624,"HDBSCAN(algorithm='best', allow_single_cluster=False, alpha=0.6,
    approx_min_span_tree=True, cluster_selection_method='eom',
    core_dist_n_jobs=-1, gen_min_span_tree=False, leaf_size=40,
    match_reference_implementation=False, memory=Memory(cachedir=None),
    metric='euclidean', min_cluster_size=5, min_samples=None, p=None,
    prediction_data=False)"
HDBSCAN,elmo,3,-0.002905372490949909,0.006567583823927562,0.01090840039038438,0.11751170762456495,0.01996361437692169,"HDBSCAN(algorithm='best', allow_single_cluster=False, alpha=0.6,
    approx_min_span_tree=True, cluster_selection_method='eom',
    core_dist_n_jobs=-1, gen_min_span_tree=False, leaf_size=40,
    match_reference_implementation=False, memory=Memory(cachedir=None),
    metric='euclidean', min_cluster_size=5, min_samples=None, p=None,
    prediction_data=False)"
HDBSCAN,fasttext,7,0.02062432167872833,0.01516754645944449,0.023924603384948312,0.15715909976358702,0.041527415938641364,"HDBSCAN(algorithm='best', allow_single_cluster=False, alpha=0.6,
    approx_min_span_tree=True, cluster_selection_method='eom',
    core_dist_n_jobs=-1, gen_min_span_tree=False, leaf_size=40,
    match_reference_implementation=False, memory=Memory(cachedir=None),
    metric='euclidean', min_cluster_size=5, min_samples=None, p=None,
    prediction_data=False)"
Birch,w2v,25,0.5781468090893183,0.4557932546911189,0.5562796561856228,0.4861652350353901,0.5188645118268442,"Birch(branching_factor=50, compute_labels=True, copy=True,
   n_clusters=AffinityPropagation(affinity='euclidean', convergence_iter=15, copy=True,
          damping=0.5, max_iter=200, preference=None, verbose=False),
   threshold=0.5)"
Birch,tfidf,0,0.0,-5.949200749979722e-13,1.0,0.31986088309420085,0.484688783782028,"Birch(branching_factor=50, compute_labels=True, copy=True,
   n_clusters=AffinityPropagation(affinity='euclidean', convergence_iter=15, copy=True,
          damping=0.5, max_iter=200, preference=None, verbose=False),
   threshold=0.5)"
Birch,elmo,280,0.02066146740207114,0.1089281707601908,0.6510042209024463,0.2749435734850988,0.3866080311086895,"Birch(branching_factor=50, compute_labels=True, copy=True,
   n_clusters=AffinityPropagation(affinity='euclidean', convergence_iter=15, copy=True,
          damping=0.5, max_iter=200, preference=None, verbose=False),
   threshold=0.5)"
Birch,fasttext,0,0.0,-5.949200749979722e-13,1.0,0.31986088309420085,0.484688783782028,"Birch(branching_factor=50, compute_labels=True, copy=True,
   n_clusters=AffinityPropagation(affinity='euclidean', convergence_iter=15, copy=True,
          damping=0.5, max_iter=200, preference=None, verbose=False),
   threshold=0.5)"
HDBSCAN,w2v,76,0.0862237429425423,0.20240099805476536,0.2667959559294446,0.4893861894020452,0.3453301748164132,"HDBSCAN(algorithm='best', allow_single_cluster=False, alpha=0.7,
    approx_min_span_tree=True, cluster_selection_method='eom',
    core_dist_n_jobs=-1, gen_min_span_tree=False, leaf_size=40,
    match_reference_implementation=False, memory=Memory(cachedir=None),
    metric='euclidean', min_cluster_size=5, min_samples=None, p=None,
    prediction_data=False)"
HDBSCAN,tfidf,4,0.001567096188607668,0.001657580044256468,0.004633422890444884,0.3968874747361709,0.009159909340925624,"HDBSCAN(algorithm='best', allow_single_cluster=False, alpha=0.7,
    approx_min_span_tree=True, cluster_selection_method='eom',
    core_dist_n_jobs=-1, gen_min_span_tree=False, leaf_size=40,
    match_reference_implementation=False, memory=Memory(cachedir=None),
    metric='euclidean', min_cluster_size=5, min_samples=None, p=None,
    prediction_data=False)"
HDBSCAN,elmo,3,-0.002905372490949909,0.006567583823927562,0.01090840039038438,0.11751170762456495,0.01996361437692169,"HDBSCAN(algorithm='best', allow_single_cluster=False, alpha=0.7,
    approx_min_span_tree=True, cluster_selection_method='eom',
    core_dist_n_jobs=-1, gen_min_span_tree=False, leaf_size=40,
    match_reference_implementation=False, memory=Memory(cachedir=None),
    metric='euclidean', min_cluster_size=5, min_samples=None, p=None,
    prediction_data=False)"
HDBSCAN,fasttext,7,0.02062432167872833,0.01516754645944449,0.023924603384948312,0.15715909976358702,0.041527415938641364,"HDBSCAN(algorithm='best', allow_single_cluster=False, alpha=0.7,
    approx_min_span_tree=True, cluster_selection_method='eom',
    core_dist_n_jobs=-1, gen_min_span_tree=False, leaf_size=40,
    match_reference_implementation=False, memory=Memory(cachedir=None),
    metric='euclidean', min_cluster_size=5, min_samples=None, p=None,
    prediction_data=False)"
HDBSCAN,w2v,75,0.08649082324189054,0.2025488145965196,0.26624827920484,0.4910038137623133,0.34527186312550784,"HDBSCAN(algorithm='best', allow_single_cluster=False, alpha=0.8,
    approx_min_span_tree=True, cluster_selection_method='eom',
    core_dist_n_jobs=-1, gen_min_span_tree=False, leaf_size=40,
    match_reference_implementation=False, memory=Memory(cachedir=None),
    metric='euclidean', min_cluster_size=5, min_samples=None, p=None,
    prediction_data=False)"
HDBSCAN,tfidf,4,0.001567096188607668,0.001657580044256468,0.004633422890444884,0.3968874747361709,0.009159909340925624,"HDBSCAN(algorithm='best', allow_single_cluster=False, alpha=0.8,
    approx_min_span_tree=True, cluster_selection_method='eom',
    core_dist_n_jobs=-1, gen_min_span_tree=False, leaf_size=40,
    match_reference_implementation=False, memory=Memory(cachedir=None),
    metric='euclidean', min_cluster_size=5, min_samples=None, p=None,
    prediction_data=False)"
HDBSCAN,elmo,3,-0.002905372490949909,0.006567583823927562,0.01090840039038438,0.11751170762456495,0.01996361437692169,"HDBSCAN(algorithm='best', allow_single_cluster=False, alpha=0.8,
    approx_min_span_tree=True, cluster_selection_method='eom',
    core_dist_n_jobs=-1, gen_min_span_tree=False, leaf_size=40,
    match_reference_implementation=False, memory=Memory(cachedir=None),
    metric='euclidean', min_cluster_size=5, min_samples=None, p=None,
    prediction_data=False)"
HDBSCAN,fasttext,10,0.02918089631793463,0.019096941750548917,0.03137803596011051,0.15457357717601486,0.05216642309589778,"HDBSCAN(algorithm='best', allow_single_cluster=False, alpha=0.8,
    approx_min_span_tree=True, cluster_selection_method='eom',
    core_dist_n_jobs=-1, gen_min_span_tree=False, leaf_size=40,
    match_reference_implementation=False, memory=Memory(cachedir=None),
    metric='euclidean', min_cluster_size=5, min_samples=None, p=None,
    prediction_data=False)"
KMeans,w2v,286,0.0368734212297661,0.21366435270480225,0.885617185370182,0.3652965765228546,0.5172425722392793,"KMeans(algorithm='auto', copy_x=True, init='k-means++', max_iter=300,
    n_clusters=300, n_init=10, n_jobs=-1, precompute_distances='auto',
    random_state=None, tol=0.0001, verbose=0)"
KMeans,tfidf,223,0.06069288904708736,0.2654414982620644,0.8708935280401753,0.387987010593971,0.5368188102368352,"KMeans(algorithm='auto', copy_x=True, init='k-means++', max_iter=300,
    n_clusters=300, n_init=10, n_jobs=-1, precompute_distances='auto',
    random_state=None, tol=0.0001, verbose=0)"
KMeans,elmo,268,0.019240586038291967,0.11377039952827735,0.6677730475369977,0.2793753611291573,0.3939389742958939,"KMeans(algorithm='auto', copy_x=True, init='k-means++', max_iter=300,
    n_clusters=300, n_init=10, n_jobs=-1, precompute_distances='auto',
    random_state=None, tol=0.0001, verbose=0)"
KMeans,fasttext,243,0.053330894558767376,0.24224250218490234,0.871068869848616,0.3764079001794961,0.5256646249277339,"KMeans(algorithm='auto', copy_x=True, init='k-means++', max_iter=300,
    n_clusters=300, n_init=10, n_jobs=-1, precompute_distances='auto',
    random_state=None, tol=0.0001, verbose=0)"
Agglomerative,w2v,280,0.04251378408432286,0.22201271009929896,0.8852691146737242,0.3694950676811784,0.5213769663531974,"AgglomerativeClustering(affinity='euclidean', compute_full_tree='auto',
            connectivity=None, linkage='ward', memory=None, n_clusters=300,
            pooling_func=<function mean at 0x7fd350ff8d90>)"
Agglomerative,tfidf,221,0.07245956014612077,0.2593512029819668,0.8345639065487613,0.3806301460616976,0.5228139176044909,"AgglomerativeClustering(affinity='euclidean', compute_full_tree='auto',
            connectivity=None, linkage='ward', memory=None, n_clusters=300,
            pooling_func=<function mean at 0x7fd350ff8d90>)"
Agglomerative,elmo,271,0.01887185608663361,0.10839259761182064,0.6516645436363218,0.2742094313116778,0.385997595248394,"AgglomerativeClustering(affinity='euclidean', compute_full_tree='auto',
            connectivity=None, linkage='ward', memory=None, n_clusters=300,
            pooling_func=<function mean at 0x7fd350ff8d90>)"
Agglomerative,fasttext,246,0.05625014000341294,0.24028243030358004,0.8564150839963426,0.3736431540084636,0.5202902159232016,"AgglomerativeClustering(affinity='euclidean', compute_full_tree='auto',
            connectivity=None, linkage='ward', memory=None, n_clusters=300,
            pooling_func=<function mean at 0x7fd350ff8d90>)"
HDBSCAN,w2v,70,0.036087641453793895,0.16575399620204867,0.2281910380216388,0.4559787382356656,0.3041650338984344,"HDBSCAN(algorithm='best', allow_single_cluster=False, alpha=0.9,
    approx_min_span_tree=True, cluster_selection_method='eom',
    core_dist_n_jobs=-1, gen_min_span_tree=False, leaf_size=40,
    match_reference_implementation=False, memory=Memory(cachedir=None),
    metric='euclidean', min_cluster_size=5, min_samples=None, p=None,
    prediction_data=False)"
HDBSCAN,tfidf,5,0.0016760302423580815,0.0016045610159742085,0.005436345195443987,0.3692348194231231,0.010714931524581226,"HDBSCAN(algorithm='best', allow_single_cluster=False, alpha=0.9,
    approx_min_span_tree=True, cluster_selection_method='eom',
    core_dist_n_jobs=-1, gen_min_span_tree=False, leaf_size=40,
    match_reference_implementation=False, memory=Memory(cachedir=None),
    metric='euclidean', min_cluster_size=5, min_samples=None, p=None,
    prediction_data=False)"
HDBSCAN,elmo,3,-0.0026618973113164564,0.006284102036949307,0.010628462969367106,0.11182271185838184,0.019411876673178147,"HDBSCAN(algorithm='best', allow_single_cluster=False, alpha=0.9,
    approx_min_span_tree=True, cluster_selection_method='eom',
    core_dist_n_jobs=-1, gen_min_span_tree=False, leaf_size=40,
    match_reference_implementation=False, memory=Memory(cachedir=None),
    metric='euclidean', min_cluster_size=5, min_samples=None, p=None,
    prediction_data=False)"
HDBSCAN,fasttext,9,0.02848039696918672,0.017849992471471964,0.028623146668744274,0.14280793029917524,0.04768811357555703,"HDBSCAN(algorithm='best', allow_single_cluster=False, alpha=0.9,
    approx_min_span_tree=True, cluster_selection_method='eom',
    core_dist_n_jobs=-1, gen_min_span_tree=False, leaf_size=40,
    match_reference_implementation=False, memory=Memory(cachedir=None),
    metric='euclidean', min_cluster_size=5, min_samples=None, p=None,
    prediction_data=False)"
SpectralClustering,w2v,245,0.046256502751805526,0.23637298879543225,0.8649621264871051,0.3718530545680796,0.5201081192187933,"SpectralClustering(affinity='rbf', assign_labels='kmeans', coef0=1, degree=3,
          eigen_solver=None, eigen_tol=0.0, gamma=1.0, kernel_params=None,
          n_clusters=300, n_init=10, n_jobs=-1, n_neighbors=10,
          random_state=None)"
SpectralClustering,tfidf,192,0.0526280863968922,0.19958286476826906,0.6803989896405439,0.3204860134605997,0.4357310961336925,"SpectralClustering(affinity='rbf', assign_labels='kmeans', coef0=1, degree=3,
          eigen_solver=None, eigen_tol=0.0, gamma=1.0, kernel_params=None,
          n_clusters=300, n_init=10, n_jobs=-1, n_neighbors=10,
          random_state=None)"
SpectralClustering,elmo,225,0.023641710118898887,0.10605075568442293,0.5526134844371902,0.2628049011710397,0.35620862793024044,"SpectralClustering(affinity='rbf', assign_labels='kmeans', coef0=1, degree=3,
          eigen_solver=None, eigen_tol=0.0, gamma=1.0, kernel_params=None,
          n_clusters=300, n_init=10, n_jobs=-1, n_neighbors=10,
          random_state=None)"
SpectralClustering,fasttext,185,0.08361663630281849,0.2713668689928834,0.8019180477469795,0.38075663858251857,0.5163476039660965,"SpectralClustering(affinity='rbf', assign_labels='kmeans', coef0=1, degree=3,
          eigen_solver=None, eigen_tol=0.0, gamma=1.0, kernel_params=None,
          n_clusters=300, n_init=10, n_jobs=-1, n_neighbors=10,
          random_state=None)"
GaussianMixture,w2v,284,0.039108068672696415,0.22063309379355306,0.8925602388642462,0.3697905788322727,0.5229297002786603,"GaussianMixture(covariance_type='full', init_params='kmeans', max_iter=100,
        means_init=None, n_components=300, n_init=1, precisions_init=None,
        random_state=None, reg_covar=1e-06, tol=0.001, verbose=0,
        verbose_interval=10, warm_start=False, weights_init=None)"
GaussianMixture,tfidf,227,0.0638981510649301,0.2647220631933433,0.8690635678661637,0.3878252416847936,0.5363159981789611,"GaussianMixture(covariance_type='full', init_params='kmeans', max_iter=100,
        means_init=None, n_components=300, n_init=1, precisions_init=None,
        random_state=None, reg_covar=1e-06, tol=0.001, verbose=0,
        verbose_interval=10, warm_start=False, weights_init=None)"
GaussianMixture,elmo,268,0.01676187149199073,0.10503026035185496,0.6548424078584167,0.2729855857190404,0.3853355136950245,"GaussianMixture(covariance_type='full', init_params='kmeans', max_iter=100,
        means_init=None, n_components=300, n_init=1, precisions_init=None,
        random_state=None, reg_covar=1e-06, tol=0.001, verbose=0,
        verbose_interval=10, warm_start=False, weights_init=None)"
GaussianMixture,fasttext,256,0.04980084683052074,0.2293900175987864,0.8569481571170787,0.368042820889616,0.514932146871377,"GaussianMixture(covariance_type='full', init_params='kmeans', max_iter=100,
        means_init=None, n_components=300, n_init=1, precisions_init=None,
        random_state=None, reg_covar=1e-06, tol=0.001, verbose=0,
        verbose_interval=10, warm_start=False, weights_init=None)"
Birch,w2v,178,0.2570907537376282,0.31176860557278546,0.7814957819101184,0.40942552410525207,0.537339148234979,"Birch(branching_factor=50, compute_labels=True, copy=True, n_clusters=None,
   threshold=0.5)"
Birch,tfidf,1,0.0,2.6161500135961894e-16,1.258970688311024e-16,1.0,2.5179413766220473e-16,"Birch(branching_factor=50, compute_labels=True, copy=True, n_clusters=None,
   threshold=0.5)"
Birch,elmo,1149,0.00033657759290732487,0.003994830684108568,0.9989513245390343,0.3206751761975568,0.4854993315616658,"Birch(branching_factor=50, compute_labels=True, copy=True, n_clusters=None,
   threshold=0.5)"
Birch,fasttext,1,0.0,2.6161500135961894e-16,1.258970688311024e-16,1.0,2.5179413766220473e-16,"Birch(branching_factor=50, compute_labels=True, copy=True, n_clusters=None,
   threshold=0.5)"
